{
  "snr_levels": [
    "clean",
    20,
    10,
    5,
    0,
    -5
  ],
  "results": {
    "clean": {
      "cnn_mean": 0.7329180283415033,
      "cnn_std": 0.05185048401836413,
      "svm_mean": 0.6609974694132414,
      "svm_std": 0.050283631617643286,
      "cnn_folds": [
        0.7285223367697594,
        0.6768018018018018,
        0.6681081081081081,
        0.7252525252525253,
        0.8386752136752137,
        0.7569866342648846,
        0.6813842482100239,
        0.6997518610421837,
        0.7830882352941176,
        0.7706093189964157
      ],
      "svm_folds": [
        0.6002290950744559,
        0.6576576576576577,
        0.6054054054054054,
        0.6545454545454545,
        0.7553418803418803,
        0.5990279465370595,
        0.7088305489260143,
        0.6339950372208437,
        0.6936274509803921,
        0.7013142174432497
      ]
    },
    "20": {
      "cnn_mean": 0.7549501748871654,
      "cnn_std": 0.050536652617130015,
      "svm_mean": 0.5982900283613951,
      "svm_std": 0.05320220269883676,
      "cnn_folds": [
        0.7434135166093929,
        0.6981981981981982,
        0.6832432432432433,
        0.7363636363636363,
        0.8547008547008547,
        0.7825030376670717,
        0.7183770883054893,
        0.7320099255583127,
        0.7990196078431373,
        0.8016726403823178
      ],
      "svm_folds": [
        0.5773195876288659,
        0.6024774774774775,
        0.5351351351351351,
        0.5696969696969697,
        0.7339743589743589,
        0.534629404617254,
        0.6073985680190931,
        0.5967741935483871,
        0.6066176470588235,
        0.6188769414575866
      ]
    },
    "10": {
      "cnn_mean": 0.7324936467143986,
      "cnn_std": 0.05989972861359458,
      "svm_mean": 0.528170356857381,
      "svm_std": 0.05589384891062322,
      "cnn_folds": [
        0.6849942726231386,
        0.670045045045045,
        0.6475675675675676,
        0.6868686868686869,
        0.8376068376068376,
        0.7521263669501823,
        0.711217183770883,
        0.7419354838709677,
        0.8088235294117647,
        0.7837514934289128
      ],
      "svm_folds": [
        0.5303550973654066,
        0.543918918918919,
        0.4572972972972973,
        0.4616161616161616,
        0.657051282051282,
        0.5212636695018226,
        0.5715990453460621,
        0.4739454094292804,
        0.5294117647058824,
        0.5352449223416965
      ]
    },
    "5": {
      "cnn_mean": 0.7057386647538576,
      "cnn_std": 0.06145670413643808,
      "svm_mean": 0.43159428966844393,
      "svm_std": 0.05126750246404705,
      "cnn_folds": [
        0.6483390607101948,
        0.6542792792792793,
        0.6313513513513513,
        0.6555555555555556,
        0.8173076923076923,
        0.7387606318347509,
        0.684964200477327,
        0.684863523573201,
        0.7916666666666666,
        0.7502986857825568
      ],
      "svm_folds": [
        0.43986254295532645,
        0.44594594594594594,
        0.3545945945945946,
        0.4,
        0.5502136752136753,
        0.41190765492102066,
        0.477326968973747,
        0.3858560794044665,
        0.4117647058823529,
        0.43847072879330945
      ]
    },
    "0": {
      "cnn_mean": 0.6619569526567062,
      "cnn_std": 0.06266461706502584,
      "svm_mean": 0.2928207848016916,
      "svm_std": 0.04526493646101471,
      "cnn_folds": [
        0.6174112256586484,
        0.6441441441441441,
        0.587027027027027,
        0.5848484848484848,
        0.782051282051282,
        0.6901579586877278,
        0.639618138424821,
        0.6290322580645161,
        0.7475490196078431,
        0.6977299880525687
      ],
      "svm_folds": [
        0.2920962199312715,
        0.2972972972972973,
        0.2064864864864865,
        0.29292929292929293,
        0.3547008547008547,
        0.28797083839611176,
        0.34725536992840095,
        0.23945409429280398,
        0.2659313725490196,
        0.34408602150537637
      ]
    },
    "-5": {
      "cnn_mean": 0.566594372364906,
      "cnn_std": 0.046287862845267064,
      "svm_mean": 0.19416471804740015,
      "svm_std": 0.03098429327102562,
      "cnn_folds": [
        0.5475372279495991,
        0.5867117117117117,
        0.492972972972973,
        0.5171717171717172,
        0.6356837606837606,
        0.5844471445929527,
        0.5441527446300716,
        0.5545905707196029,
        0.6495098039215687,
        0.5531660692951016
      ],
      "svm_folds": [
        0.20847651775486828,
        0.18693693693693694,
        0.14486486486486486,
        0.1797979797979798,
        0.2094017094017094,
        0.21628189550425272,
        0.2529832935560859,
        0.15508684863523572,
        0.1715686274509804,
        0.2162485065710872
      ]
    }
  }
}